"","Chr","Start","iStart","Length","Len.eff","Chr","Start","iStart","Length","Len.eff","Chr","Start","iStart","Length","Len.eff","Chr","Start","iStart","Length","Len.eff","Chr","Start","iStart","Length","Len.eff","Chr","Start","iStart","Length","Len.eff","Chr","Start","iStart","Length","Len.eff"
"1","Chr1",91986,91986,81045,80953,"Chr1",91986,91986,81045,80968,"Chr1",86447,86447,87666,87578,"Chr1",91986,91986,81045,80947,"Chr1",91986,91986,81045,80960,"Chr1",332712,332712,39367,27933,"Chr1",330737,330737,40971,29577
"2","Chr1",1376212,1376212,320005,319894,"Chr1",1376223,1376223,319994,319921,"Chr1",1375768,1375768,320634,320574,"Chr1",1376223,1376223,319994,319913,"Chr1",1376223,1376223,319994,319943,"Chr2",665676,3708261,12646,12646,"Chr2",1515552,4558137,17026,17026
"3","Chr2",1058550,4101135,65971,65970,"Chr2",1058550,4101135,65971,65971,"Chr1",2734786,2734786,52797,52797,"Chr2",1058550,4101135,65971,65971,"Chr2",1058459,4101044,66062,66062,"Chr2",2327989,5370574,19615,19600,"Chr2",1600432,4643017,13991,13991
"4","Chr2",1413816,4456401,66485,66485,"Chr2",1413816,4456401,66485,66485,"Chr2",1055991,4098576,66547,66547,"Chr2",1413975,4456560,66304,66304,"Chr2",1413685,4456270,88350,88350,"Chr2",2409780,5452365,12082,12082,"Chr2",2164635,5207220,13765,13765
"5","Chr5",1,10592156,61354,61351,"Chr5",1,10592156,62200,62123,"Chr2",1413467,4456052,89481,89481,"Chr2",2304492,5347077,176396,176364,"Chr2",2239502,5282087,58997,58997,"Chr2",2664737,5707322,18610,18610,"Chr2",2329924,5372509,14675,14663
"6","Chr5",798373,11390528,153878,153878,"Chr5",798423,11390578,153828,147528,"Chr2",2240370,5282955,58129,58129,"Chr5",798373,11390528,153878,153878,"Chr2",2304333,5346918,273340,99126,"Chr4",1126400,9316232,12038,12038,"Chr2",2408729,5451314,15858,15858
"7","Chr5",1703594,12295749,96270,96270,"Chr5",1703594,12295749,96270,96270,"Chr2",2303718,5346303,178045,178020,"Chr5",1703729,12295884,96135,96135,"Chr5",798329,11390484,153922,153922,"Chr4",2111249,10301081,11254,11245,"Chr2",2661656,5704241,19852,19852
"8","Chr5",2119647,12711802,107108,107102,"Chr5",2119647,12711802,107108,107108,"Chr5",798283,11390438,155010,155010,"Chr5",2119647,12711802,107108,107108,"Chr5",1703538,12295693,96326,96326,"Chr5",31571,10623726,12411,12411,"Chr3",1650177,7399957,14845,14845
"9","Chr6",350440,13248567,111828,111820,"Chr6",350440,13248567,111595,111585,"Chr5",1702551,12294706,97681,97681,"Chr6",350440,13248567,111828,111818,"Chr5",2119568,12711723,107412,107412,"Chr5",2072197,12664352,17103,17025,"Chr4",20687,8210519,15840,15840
"10","Chr8",1060806,18022847,106548,106534,"Chr8",1060806,18022847,105965,105954,"Chr5",2119193,12711348,108513,108513,"Chr8",1060806,18022847,105965,105954,"Chr6",350354,13248481,112226,112226,"Chr5",2274803,12866958,14272,14272,"Chr4",94053,8283885,15082,15082
"11","Chr9",825287,19054526,87057,87057,"Chr9",808017,19037256,104327,104327,"Chr6",350288,13248415,112333,112333,"Chr9",825287,19054526,86587,86587,"Chr7",693486,15663093,50166,50166,"Chr6",1372617,14270744,12613,12613,"Chr4",1148253,9338085,14635,14635
"12","Chr9",995501,19224740,55619,55619,"Chr9",995586,19224825,55534,55534,"Chr6",1514641,14412768,53420,53420,"Chr9",995501,19224740,55409,55404,"Chr8",1060717,18022758,135858,135843,"Chr6",1759576,14657703,15140,15140,"Chr5",393711,10985866,21374,21374
"13","Chr9",1059962,19289201,63104,63102,"Chr9",1060017,19289256,62979,62979,"Chr6",1568670,14466797,60963,60958,"Chr9",1061031,19290270,62141,62141,"Chr9",808017,19037256,104379,104376,"Chr6",2046236,14944363,18698,18683,"Chr5",1504244,12096399,13884,13884
"14","Chr10",510271,19930570,50922,50911,"Chr11a",45832,20571799,128488,128462,"Chr8",1060806,18022847,105983,105969,"Chr10",510263,19930562,50930,50928,"Chr9",995586,19224825,55678,55678,"Chr7",1,14969608,12271,12129,"Chr5",2072471,12664626,17826,17816
"15","Chr11a",45832,20571799,65547,65540,"Chr11a",226847,20752814,58511,58511,"Chr9",806621,19035860,106374,106369,"Chr11a",42513,20568480,133483,131709,"Chr9",1059962,19289201,63278,63278,"Chr8",14584,16976625,25735,25735,"Chr5",2142394,12734549,19650,19650
"16","Chr11a",111716,20637683,51247,51227,"Chr11a",334100,20860067,66371,66353,"Chr9",994768,19224007,129602,129602,"Chr11a",226885,20752852,258344,257328,"Chr10",510493,19930792,50702,50702,"Chr9",163296,18392535,14720,14720,"Chr8",15586,16977627,25215,25215
"17","Chr11a",400836,20926803,60496,60494,"Chr11a",400836,20926803,60860,60860,"Chr10",510179,19930478,51035,51033,"Chr11a",488445,21014412,55954,55954,"Chr12",86223,21501175,49803,49803,"Chr9",1003970,19233209,41669,41669,"Chr9",570855,18800094,25223,25223
"18","Chr11a",547035,21073002,85177,85177,"Chr11a",547050,21073017,60495,53995,"Chr12",946602,22361554,55089,51576,"Chr11a",544609,21070576,87609,87609,"Chr12",947336,22362288,53955,50433,"Chr12",641238,22056190,28549,28243,"Chr9",1002413,19231652,44580,44580
"19","Chr12",87502,21502454,55051,55047,"Chr11a",654830,21180797,72317,72317,"Chr13",1,22543335,53516,53516,"Chr13",1,22543335,53346,53342,"Chr13",1,22543335,53387,53385,"Chr12",693433,22108385,12929,12929,"Chr10",327254,19747553,14180,14180
"20","Chr13",1,22543335,53346,53333,"Chr12",86515,21501467,57426,57426,"Chr13",124789,22668123,116100,116092,"Chr13",125227,22668561,113678,113650,"Chr13",125227,22668561,113678,113671,"Chr12",755960,22170912,13503,13503,"Chr12",99678,21514630,15421,15421
"21","Chr13",125227,22668561,113461,113439,"Chr13",125227,22668561,113678,113655,"Chr13",487469,23030803,102423,102403,"Chr13",488706,23032040,100813,100787,"Chr13",488706,23032040,100813,100804,"Chr12",947935,22362887,48242,44720,"Chr12",642125,22057077,26870,26556
"22","Chr13",488706,23032040,100813,100785,"Chr13",531852,23075186,57667,57660,"Chr13",697580,23240914,81087,81087,"Chr13",698665,23241999,79617,79608,"Chr13",698665,23241999,79788,79785,"Chr13",993368,23536702,14320,14320,"Chr12",755258,22170210,15327,15327
"23","Chr13",698665,23241999,79709,79704,"Chr13",698665,23241999,79617,79606,"Chr17",264204,26418797,51305,51305,"Chr17",264400,26418993,51074,51071,"Chr17",264204,26418797,51270,51270,"Chr15",907874,25502047,19657,19657,"Chr12",948542,22363494,16775,16775
"24","Chr17",264204,26418797,51270,51265,"Chr17",499780,26654373,62973,62963,"Chr17",499807,26654400,63208,63196,"Chr17",499794,26654387,62974,62969,"Chr17",499611,26654204,63157,63151,"Chr16b",80675,26065892,12800,12800,"Chr12",966724,22381676,29339,25823
"25","Chr17",499806,26654399,62947,62923,"Chr17",564030,26718623,67345,67345,"Chr17",563839,26718432,68020,68020,"Chr17",563866,26718459,67500,67499,"Chr17",563803,26718396,67572,67569,"Chr17",590347,26744940,39605,39601,"Chr14",34634,23630164,15916,15916
"26","Chr18",135703,26950220,50940,50840,"Chr18",189799,27004316,113782,113775,"Chr18",134397,26948914,52676,52589,"Chr18",136001,26950518,50642,50557,"Chr18",135701,26950218,50942,50857,"Chr18",541405,27355922,33899,33899,"Chr17",589849,26744442,41419,41414
"27","Chr18",189799,27004316,113782,113775,"Chr19a_19",221515,27863085,56321,55121,"Chr18",189799,27004316,115668,115668,"Chr18",189835,27004352,113374,113354,"Chr18",189825,27004342,113906,113906,"Chr19a_19",561315,28202885,14789,14789,"Chr17",631536,26786129,19035,19035
"28","Chr19a_19",221676,27863246,56148,54948,"Chr19b_31",4628,28253437,73745,73745,"Chr22",1,29491915,127127,74454,"Chr22",1,29491915,112025,59840,"Chr22",1,29491915,114623,62482,"Chr19a_19",585569,28227139,12404,11930,"Chr18",542703,27357220,18013,18013
"29","Chr22",1,29491915,125776,73100,"Chr19c_29",33384,28433870,82201,81601,"Chr22",156665,29648579,51065,51065,"Chr22",157075,29648989,50655,50655,"Chr22",157075,29648989,50835,50835,"Chr22",501449,29993363,11179,11179,"Chr22",662851,30154765,18887,18887
"30","Chr22",798029,30289943,84939,84924,"Chr22",798659,30290573,102812,102799,"Chr22",797849,30289763,103830,103825,"Chr22",798291,30290205,84677,84669,"Chr22",797909,30289823,103567,103552,"Chr22",685423,30177337,18411,14127,"Chr22",685752,30177666,19725,15441
"31","Min:",NA,NA,50922,50840,"Min:",NA,NA,55534,53995,"Min:",NA,NA,51035,51033,"Min:",NA,NA,50642,50557,"Min:",NA,NA,49803,49803,"Min:",NA,NA,11179,11179,"Min:",NA,NA,13765,13765
"32","Max:",NA,NA,320005,319894,"Max:",NA,NA,319994,319921,"Max:",NA,NA,320634,320574,"Max:",NA,NA,319994,319913,"Max:",NA,NA,319994,319943,"Max:",NA,NA,48242,44720,"Max:",NA,NA,44580,44580
